"Program_Code","Program_Type","Faculty","Department","DEPARTMENT_ID","Program","Type_of_Program","Includes_Degree_Types","Author","Approver","Quality","Sustainability","Level"
"AC0010","Academic","Education","Faculty of Education",221,"Education","Undergraduate Degree","BEd","Lyndon Martin","Ron Owston",6.78,6.78,"Undergraduate"
"AC0030","Academic","Education","Faculty of Education",221,"Diploma in Teacher Preparation in the Education of Deaf and Hard-of-Hearing Students","Non-Degree Studies","Non-Degree Studies","Pam Millett","Ron Owston",6.6,5.38,"Other"
"AC0060","Academic","Education","Faculty of Education",221,"Education","Graduate Degree","MEd, GD T 2&3","Sandra Schecter","Ron Owston",5.08,4.79,"Master's"
"AC0070","Academic","Education","Faculty of Education",221,"Education","Graduate Degree","PhD, GD T 2&3","Sandra Schecter","Ron Owston",5.27,4.52,"PhD"
"AC0090","Academic","Env Studies","Faculty of Environmental Studies",222,"Environmental Studies","Degree (minor/major, certificate)","BES, Undergraduate Certificates","Gail Fraser","Noël Sturgeon",5.68,5.6,"Undergraduate"
"AC0100","Academic","Env Studies","Faculty of Environmental Studies",222,"Environmental Studies","Graduate Degree","MES","Justin Podur","Noël Sturgeon",5.53,4.7,"Master's"
"AC0110","Academic","Env Studies","Faculty of Environmental Studies",222,"Environmental Studies","Graduate Degree","PhD","Justin Podur","Noël Sturgeon",6.05,5.3,"PhD"
"AC0130","Academic","Fine Arts","Dance",801,"Dance","Degree (minor/major, certificate)","BA","Claire Wootten","Shawn Brixey",5.1,4.29,"Undergraduate"
"AC0140","Academic","Fine Arts","Dance",801,"Dance","Degree (minor/major, certificate)","BFA","Claire Wootten","Shawn Brixey",5.69,4.79,"Undergraduate"
"AC0150","Academic","Fine Arts","Dance",801,"Dance","Graduate Degree","MFA","Darcey Callison","Shawn Brixey",5.26,5.09,"Master's"
"AC0160","Academic","Fine Arts","Dance",801,"Dance","Graduate Degree","MA","Claire Wooten","Shawn Brixey",4.64,4.62,"Master's"
"AC0170","Academic","Fine Arts","Dance",801,"Dance Studies","Graduate Degree","PhD","Claire Wooten","Shawn Brixey",4.73,5.21,"PhD"
"AC0190","Academic","Fine Arts","Design",803,"Design","Degree (minor/major, certificate)","BDes","Angela Norwood","Shawn Brixey",6.34,6.17,"Undergraduate"
"AC0200","Academic","Fine Arts","Design",803,"Design","Graduate Degree","MDes","David Gelb","Shawn Brixey",5.44,5.5,"Master's"
"AC0220","Academic","Fine Arts","Digital Media",804,"Digital Media","Degree (minor/major)","BA","Don Sinclair","Shawn Brixey",5.51,5.19,"Undergraduate"
"AC0240","Academic","Fine Arts","Film",805,"Film","Degree (minor/major)","BA","John McCullough","Shawn Brixey",5.06,6.51,"Undergraduate"
"AC0250","Academic","Fine Arts","Film",805,"Film","Degree (minor/major)","BFA","John McCullough","Shawn Brixey",6.42,4.79,"Undergraduate"
"AC0260","Academic","Fine Arts","Film",805,"Film","Graduate Degree","MFA","John Greyson","Shawn Brixey",6.42,5.7,"Master's"
"AC0270","Academic","Fine Arts","Film",805,"Cinema & Media Studies","Graduate Degree","MA","Brenda Longfellow","Shawn Brixey",5.44,5.9,"Master's"
"AC0280","Academic","Fine Arts","Film",805,"Cinema & Media Studies","Graduate Degree","PhD","Brenda Longfellow","Shawn Brixey",5.8,5.92,"PhD"
"AC0300","Academic","Fine Arts","Music",806,"Music","Degree (minor/major)","BA","Bill Thomas","Shawn Brixey",6.78,7.12,"Undergraduate"
"AC0310","Academic","Fine Arts","Music",806,"Music","Degree (minor/major)","BFA","Bill Thomas","Shawn Brixey",7.04,8.1,"Undergraduate"
"AC0320","Academic","Fine Arts","Music",806,"Music","Graduate Degree","MA","Michael Coghlan","Shawn Brixey",6.23,6.3,"Master's"
"AC0330","Academic","Fine Arts","Music",806,"Music","Graduate Degree","PhD","Michael Coghlan","Shawn Brixey",5.91,5.5,"PhD"
"AC0350","Academic","Fine Arts","Theatre",16800,"Theatre","Degree (minor/major)","BA","Teresa Przybylski","Shawn Brixey",5.8,5.92,"Undergraduate"
"AC0360","Academic","Fine Arts","Theatre",16800,"Theatre","Degree (minor/major)","BFA","Teresa Przybylski","Shawn Brixey",5.8,5.92,"Undergraduate"
"AC0370","Academic","Fine Arts","Theatre",16800,"Theatre","Graduate Degree","MFA","Eric Armstrong","Shawn Brixey",6.05,5.71,"Master's"
"AC0390","Academic","Fine Arts","Theatre",16800,"Theatre and Performance Studies","Graduate Degree","MA","Marlis Schweitzer","Shawn Brixey",5.79,5.68,"Master's"
"AC0400","Academic","Fine Arts","Theatre",16800,"Theatre and Performance Studies","Graduate Degree","PhD","Marlis Schweitzer","Shawn Brixey",5.63,5.71,"PhD"
"AC0420","Academic","Fine Arts","Visual Arts",16850,"Art History","Degree (minor/major)","BA","Sarah Parsons","Shawn Brixey",5.91,5.23,"Undergraduate"
"AC0430","Academic","Fine Arts","Visual Arts",16850,"Visual Arts","Degree (minor/major)","BFA","Sarah Parsons","Shawn Brixey",6.6,5.81,"Undergraduate"
"AC0440","Academic","Fine Arts","Visual Arts",16850,"Art History","Graduate Degree","MA","Sarah Parsons","Shawn Brixey",5.87,5.09,"Master's"
"AC0450","Academic","Fine Arts","Visual Arts",16850,"Art History & Visual Culture","Graduate Degree","PhD","Sarah Parsons","Shawn Brixey",5.8,4.58,"PhD"
"AC0460","Academic","Fine Arts","Visual Arts",16850,"Visual Arts","Graduate Degree","MFA","Nell Tenhaaf","Shawn Brixey",5.61,5.12,"Master's"
"AC0470","Academic","Fine Arts","Visual Arts",16850,"Visual Arts","Graduate Degree","PhD","Nell Tenhaaf","Shawn Brixey",6.12,4.58,"PhD"
"AC0500","Academic","Glendon","Economics",17250,"Business Economics","Degree (minor/major)","BA, iBA","Vincent Hildebrand","Donald Ipperciel",4.73,5.17,"Undergraduate"
"AC0510","Academic","Glendon","Economics",17250,"Economics","Degree (minor/major)","BA, iBA","Vincent Hildebrand","Donald Ipperciel",4.9,5.21,"Undergraduate"
"AC0530","Academic","Glendon","English",17300,"English Studies","Degree (minor/major, certificate)","BA, iBA","Danielle Russell","Donald Ipperciel",4.75,4.58,"Undergraduate"
"AC0550","Academic","Glendon","French Studies",17350,"French Studies","Degree (minor/major)","BA, iBA","Sylvie Rosienski","Donald Ipperciel",5.26,5.9,"Undergraduate"
"AC0570","Academic","Glendon","French Studies",17350,"Études françaises","Graduate Degree","MA","Mario Roy","Donald Ipperciel",4.28,4.79,"Master's"
"AC0580","Academic","Glendon","French Studies",17350,"Études francophones","Graduate Degree","PhD","Mario Roy","Donald Ipperciel",3.83,4.7,"PhD"
"AC0610","Academic","Glendon","History",17400,"History","Degree (minor/major)","BA, iBA","Gillian McGillivray","Donald Ipperciel",5.6,5.27,"Undergraduate"
"AC0630","Academic","Glendon","International Studies",17950,"International Studies","Degree (minor/major)","BA, iBA","Stanislav J. Kirschbaum","Donald Ipperciel",5.93,6.19,"Undergraduate"
"AC0650","Academic","Glendon","Mathematics",17500,"Mathematics","Degree (minor/major)","BA, iBA","David Spring","Donald Ipperciel",4.27,4.1,"Undergraduate"
"AC0670","Academic","Glendon","Multi Disciplinary Studies",17550,"Environmental & Health Studies","Degree (minor/major)","BA, iBA","Radu Guiasu","Donald Ipperciel",5.88,6.53,"Undergraduate"
"AC0680","Academic","Glendon","Multi Disciplinary Studies",17550,"Drama Studies","Degree (minor/major)","BA, iBA","Guillaume Bernardi","Donald Ipperciel",4.3,4.7,"Undergraduate"
"AC0690","Academic","Glendon","Multi Disciplinary Studies",17550,"Individualized Studies","Degree (minor/major)","BA, iBA","Colin Coates","Donald Ipperciel",2.59,2.81,"Undergraduate"
"AC0700","Academic","Glendon","Multi Disciplinary Studies",17550,"Linguistics and Languages","Degree (minor/major)","BA","Ian Martin","Donald Ipperciel",5.08,5.92,"Undergraduate"
"AC0710","Academic","Glendon","Multi Disciplinary Studies",17550,"Canadian Studies","Degree (minor/major)","BA, iBA","Geoffrey Ewen","Donald Ipperciel",4.99,3.7,"Undergraduate"
"AC0730","Academic","Glendon","Philosophy",17600,"Philosophy","Degree (minor/major, certificate)","BA, iBA","Doris Olin","Donald Ipperciel",4.75,4.58,"Undergraduate"
"AC0750","Academic","Glendon","Political Science",17650,"Political science","Degree (minor/major)","BA, iBA","Ian Roberge","Donald Ipperciel",5.18,5.51,"Undergraduate"
"AC0770","Academic","Glendon","Psychology",17700,"Psychology","Degree (minor/major)","BA, iBA","Timothy Moore","Donald Ipperciel",5.74,6.3,"Undergraduate"
"AC0790","Academic","Glendon","Public and International Affairs",9007,"Public and International Affairs","Graduate Degree","MPIA","Michael Barutciski","Donald Ipperciel",5.51,6.3,"Master's"
"AC0810","Academic","Glendon","Sociology",17750,"Sociology","Degree (minor/major)","BA, iBA","Brian Singer","Donald Ipperciel",4.65,4.91,"Undergraduate"
"AC0830","Academic","Glendon","Womens Studies",18000,"Gender and Women Studies","Degree (minor/major, certificate)","BA, iBA","Gertrude Mianda","Donald Ipperciel",3.95,3.88,"Undergraduate"
"AC0850","Academic","Glendon","School of Translation",17800,"Translation Studies","Degree (minor/major, certificate)","BA, iBA","Marie-Christine Aubin","Donald Ipperciel",5.16,4.6,"Undergraduate"
"AC0860","Academic","Glendon","School of Translation",17800,"Translation Studies","Graduate Degree","MA","Marie-Christine Aubin","Donald Ipperciel",4.92,5.07,"Master's"
"AC0870","Academic","Glendon","School of Translation",17800,"Conference Interpreting","Graduate Degree","MCI","Andrew Clifford","Donald Ipperciel",5.87,6.01,"Master's"
"AC0920","Academic","Health","School of Hlth Policy&Mgmt",43200,"Health Studies","Degree (minor/major, certificate)","BHS","Lillie Lum","Harvey Skinner",6.87,8.87,"Undergraduate"
"AC0930","Academic","Health","School of Hlth Policy&Mgmt",43200,"Health","Graduate Degree","MA","Lillie Lum","Harvey Skinner",6.71,7.09,"Master's"
"AC0940","Academic","Health","School of Hlth Policy&Mgmt",43200,"Health","Graduate Degree","PhD","Mary Wiktorowicz","Harvey Skinner",6.5,7.1,"PhD"
"AC0950","Academic","Health","School of Hlth Policy&Mgmt",43200,"Critical Disablity","Graduate Degree","MA","Lillie Lum","Harvey Skinner",6.31,6.78,"Master's"
"AC0960","Academic","Health","School of Hlth Policy&Mgmt",43200,"Critical Disablity","Graduate Degree","PhD","Mary Wiktorowicz","Harvey Skinner",6.5,6.76,"PhD"
"AC0980","Academic","Health","Kinesiology & Health Scienc",21000,"Kinesiology & Health Science","Degree (minor/major, certificate)","BA","Angelo Belcastro","Harvey Skinner",7.78,8.08,"Undergraduate"
"AC0990","Academic","Health","Kinesiology & Health Scienc",21000,"Kinesiology & Health Science","Degree (minor/major, certificate)","BSc","Angelo Belcastro","Harvey Skinner",7.78,8.08,"Undergraduate"
"AC1000","Academic","Health","Kinesiology & Health Scienc",21000,"Kinesiology & Health Science","Graduate Degree","MSc","Angelo Belcastro","Harvey Skinner",6.7,6.53,"Master's"
"AC1010","Academic","Health","Kinesiology & Health Scienc",21000,"Kinesiology & Health Science","Graduate Degree","MA","Angelo Belcastro","Harvey Skinner",6.71,5.99,"Master's"
"AC1020","Academic","Health","Kinesiology & Health Scienc",21000,"Kinesiology & Health Science","Graduate Degree","MFSc","Angelo Belcastro","Harvey Skinner",6.71,5.99,"Master's"
"AC1030","Academic","Health","Kinesiology & Health Scienc",21000,"Kinesiology & Health Science","Graduate Degree","PhD","Angelo Belcastro","Harvey Skinner",6.25,6.19,"PhD"
"AC1050","Academic","Health","School of Nursing",13750,"Nursing","Undergradute Degree","BScN","Claire Mallette","Harvey Skinner",5.2,6.69,"Undergraduate"
"AC1060","Academic","Health","School of Nursing",13750,"Nursing","Undergradute Degree","BScN","Claire Mallette","Harvey Skinner",6.43,7.41,"Undergraduate"
"AC1070","Academic","Health","School of Nursing",13750,"Nursing","Undergradute Degree","BScN","Claire Mallette","Harvey Skinner",6.16,5.43,"Undergraduate"
"AC1080","Academic","Health","School of Nursing",13750,"Nursing","Graduate Degree","MScN","Claire Mallette","Harvey Skinner",4.61,4.62,"Master's"
"AC1100","Academic","Health","Psychology",13400,"Psychology","Degree (minor/major, certificate)","BA","Suzanne Macdonald","Harvey Skinner",5,6.71,"Undergraduate"
"AC1110","Academic","Health","Faculty of Health",226,"Psychology","Degree (minor/major, certificate)","BSc","Suzanne Macdonald","Harvey Skinner",5,6.71,"Undergraduate"
"AC1120","Academic","Health","Psychology",13400,"Psychology","Graduate Degree","MA","Suzanne Macdonald","Harvey Skinner",6.78,6.5,"Master's"
"AC1130","Academic","Health","Psychology",13400,"Psychology","Graduate Degree","PhD","Suzanne Macdonald","Harvey Skinner",6.78,6.79,"PhD"
"AC1180","Academic","LA&PS","Anthropology",56550,"Anthropology","Degree (Major/Minor/Certificate)","BA, iBA","Albert Schrauwers","Martin Singer",6.34,5.91,"Undergraduate"
"AC1190","Academic","LA&PS","Anthropology",56550,"Anthropology – Social (Social Anthropology)","Graduate Degree","MA","Albert Schrauwers","Martin Singer",5.54,5.11,"Master's"
"AC1200","Academic","LA&PS","Anthropology",56550,"Anthropology – Social (Social Anthropology)","Graduate Degree","PhD","Albert Schrauwers","Martin Singer",5.7,5.41,"PhD"
"AC1220","Academic","LA&PS","Communication Studies",57200,"Communication Studies","Degree (Major/Minor/Certificate)","BA, iBA","Kevin Dowler","Martin Singer",5.61,6.51,"Undergraduate"
"AC1230","Academic","LA&PS","Communication Studies",57200,"Communication & Culture","Graduate Degree","MA (with Ryerson)","Kevin Dowler","Martin Singer",6.24,7.08,"Master's"
"AC1240","Academic","LA&PS","Communication Studies",57200,"Communication & Culture","Graduate Degree","PhD (with Ryerson)","Kevin Dowler","Martin Singer",6.24,7.08,"PhD"
"AC1260","Academic","LA&PS","Languages Lit Ling",56950,"German Studies","Degree (Major/Minor/Certificate)","BA, iBA","Pietro Giordan","Martin Singer",5.88,3.8,"Undergraduate"
"AC1270","Academic","LA&PS","Languages Lit Ling",56950,"Italian Culture","Degree (Major/Minor/Certificate)","BA","Pietro Giordan","Martin Singer",5.27,3.1,"Undergraduate"
"AC1280","Academic","LA&PS","Languages Lit Ling",56950,"Italian Studies","Degree (Major/Minor/Certificate)","BA, iBA","Pietro Giordan","Martin Singer",5.25,3.79,"Undergraduate"
"AC1290","Academic","LA&PS","Languages Lit Ling",56950,"Japanese","Degree (Major/Minor/Certificate)","BA","Pietro Giordan","Martin Singer",5.18,4.88,"Undergraduate"
"AC1300","Academic","LA&PS","Languages Lit Ling",56950,"Linguistics","Degree (Major/Minor/Certificate)","BA","Pietro Giordan","Martin Singer",5.87,6.22,"Undergraduate"
"AC1310","Academic","LA&PS","Languages Lit Ling",56950,"Portugese Studies","Degree (Major/Minor/Certificate)","BA","Pietro Giordan","Martin Singer",4.73,3.39,"Undergraduate"
"AC1320","Academic","LA&PS","Languages Lit Ling",56950,"Spanish","Degree (Major/Minor/Certificate)","BA","Pietro Giordan","Martin Singer",5.26,4.3,"Undergraduate"
"AC1325","Academic","LA&PS","Languages Lit Ling",56950,"Non- Degree and Non-Certificate Languages","Non- Degree","Non-Degree Studies","Pietro Giordan","Martin Singer",5.01,4.91,"Other"
"AC1350","Academic","LA&PS","Languages Lit Ling",56950,"Undergraduate Certificates","Degree (Major/Minor/Certificate)","Certificate","Pietro Giordan","Martin Singer",4.34,3.4,"Other"
"AC1355","Academic","LA&PS","Languages Lit Ling",56950,"ESL","Non- Degree","Non-Degree Studies","Pietro Giordan","Martin Singer",4.56,5.11,"Other"
"AC1360","Academic","LA&PS","Languages Lit Ling",56950,"Linguistics & Applied Linguistics","Graduate Degree","MA","Pietro Giordan","Martin Singer",5.44,4.91,"Master's"
"AC1370","Academic","LA&PS","Languages Lit Ling",56950,"Linguistics & Applied Linguistics","Graduate Degree","PhD","Pietro Giordan","Martin Singer",5.7,4.92,"PhD"
"AC1380","Academic","LA&PS","Economics",56600,"Business Economics","Degree (Major/Minor/Certificate)","BA","Mahmudul Anam","Martin Singer",5.35,6.59,"Undergraduate"
"AC1390","Academic","LA&PS","Economics",56600,"Economics","Degree (Major/Minor/Certificate)","BA","Mahmudul Anam","Martin Singer",5.44,7.81,"Undergraduate"
"AC1400","Academic","LA&PS","Economics",56600,"Financial & Business Economics","Degree (Major/Minor/Certificate)","BA","Mahmudul Anam","Martin Singer",5.44,6.59,"Undergraduate"
"AC1420","Academic","LA&PS","Economics",56600,"Economics","Graduate Degree","MA","Mahmudul Anam","Martin Singer",4.73,5.31,"Master's"
"AC1430","Academic","LA&PS","Economics",56600,"Economics","Graduate Degree","PhD","Mahmudul Anam","Martin Singer",4.1,4.69,"PhD"
"AC1440","Academic","LA&PS","English",56650,"Creative Writing","Degree (Major/Minor/Certificate)","BA","Jonathan Warren","Martin Singer",6.85,5.09,"Undergraduate"
"AC1450","Academic","LA&PS","English",56650,"English","Degree (Major/Minor/Certificate)","BA","Jonathan Warren","Martin Singer",5.63,4.81,"Undergraduate"
"AC1460","Academic","LA&PS","English",56650,"English","Graduate Degree","MA","Jonathan Warren","Martin Singer",6.16,5.01,"Master's"
"AC1470","Academic","LA&PS","English",56650,"English","Graduate Degree","PhD","Jonathan Warren","Martin Singer",6.34,5.08,"PhD"
"AC1480","Academic","LA&PS","Equity Studies",56700,"Human Rights & Equity Studies","Degree (Major/Minor/Certificate)","BA","Minoo Derayeh","Martin Singer",5.18,6.92,"Undergraduate"
"AC1490","Academic","LA&PS","Equity Studies",56700,"Multicultural and Indigenous Studies","Degree (Major/Minor/Certificate)","BA","Minoo Derayeh","Martin Singer",4.99,3.7,"Undergraduate"
"AC1510","Academic","LA&PS","French Studies",56750,"French Studies","Degree (Major/Minor/Certificate)","BA, iBA","Monique Adriaen","Martin Singer",5.24,4.4,"Undergraduate"
"AC1540","Academic","LA&PS","Gender, Sexuality and Women's Studies",9005,"Gender and Women Studies","Degree (Major/Minor/Certificate)","BA","Gertrude Mianda","Martin Singer",4.74,4.6,"Undergraduate"
"AC1540","Academic","LA&PS","Gender, Sexuality and Women's Studies",9005,"Gender and Women Studies","Degree (Major/Minor/Certificate)","BA","Gertrude Mianda","Martin Singer",4.73,4.6,"Undergraduate"
"AC1550","Academic","LA&PS","Gender, Sexuality and Women's Studies",9005,"Sexuality Studies","Degree (Major/Minor/Certificate)","BA, iBA","Gertrude Mianda","Martin Singer",4.28,3.85,"Undergraduate"
"AC1560","Academic","LA&PS","Gender, Sexuality and Women's Studies",9005,"Gender, Feminist & Women's Studies","Graduate Degree","MA","Gertrude Mianda","Martin Singer",5.44,4.3,"Master's"
"AC1570","Academic","LA&PS","Gender, Sexuality and Women's Studies",9005,"Gender, Feminist & Women's Studies","Graduate Degree","PhD","Gertrude Mianda","Martin Singer",5.44,4.3,"PhD"
"AC1600","Academic","LA&PS","Geography",56800,"Geography","Degree (Major/Minor/Certificate)","BA, iBA","Steven Tufts","Martin Singer",6.16,4.3,"Undergraduate"
"AC1610","Academic","LA&PS","Geography",56800,"Geography and Urban Studies","Degree (Major/Minor/Certificate)","BA","Steven Tufts","Martin Singer",4.89,3.7,"Undergraduate"
"AC1620","Academic","LA&PS","Geography",56800,"Geography","Graduate Degree","MA","Steven Tufts","Martin Singer",5.44,5.08,"Master's"
"AC1630","Academic","LA&PS","Geography",56800,"Geography","Graduate Degree","MSc","Steven Tufts","Martin Singer",5.27,4.83,"Master's"
"AC1640","Academic","LA&PS","Geography",56800,"Geography","Graduate Degree","PhD","Steven Tufts","Martin Singer",5.44,5.08,"PhD"
"AC1660","Academic","LA&PS","History",56850,"History","Degree (Major/Minor/Certificate)","BA, iBA","Marcel Martel","Martin Singer",5.87,3.9,"Undergraduate"
"AC1670","Academic","LA&PS","History",56850,"History","Graduate Degree","MA","Marcel Martel","Martin Singer",5.87,4.6,"Master's"
"AC1680","Academic","LA&PS","History",56850,"History","Graduate Degree","PhD, (Ancient History with UoT)","Marcel Martel","Martin Singer",5.87,4.32,"PhD"
"AC1700","Academic","LA&PS","Human Resources Mgmt",57150,"Human Resources Management","Degree (Major/Minor/Certificate)","BHRM","Marie-Helene Budworth","Martin Singer",6.16,7.23,"Undergraduate"
"AC1710","Academic","LA&PS","Human Resources Mgmt",57150,"Human Resources Management","Graduate Degree","MHRM","Marie-Helene Budworth","Martin Singer",5.44,6.9,"Master's"
"AC1720","Academic","LA&PS","Human Resources Mgmt",57150,"Human Resources Management","Graduate Degree","PhD","Marie-Helene Budworth","Martin Singer",5.61,4.91,"PhD"
"AC1740","Academic","LA&PS","Humanities",56900,"Canadian Studies","Degree (Major/Minor/Certificate)","BA","Martin Lockshin","Martin Singer",3.21,3.2,"Undergraduate"
"AC1750","Academic","LA&PS","Humanities",56900,"Children's Studies","Degree (Major/Minor/Certificate)","BA","Martin Lockshin","Martin Singer",6.15,5.11,"Undergraduate"
"AC1760","Academic","LA&PS","Humanities",56900,"Classical Studies and Classics","Degree (Major/Minor/Certificate)","BA","Martin Lockshin","Martin Singer",3.95,4.37,"Undergraduate"
"AC1770","Academic","LA&PS","Humanities",56900,"Culture & Expression","Degree (Major/Minor/Certificate)","BA","Martin Lockshin","Martin Singer",4.45,3.1,"Undergraduate"
"AC1780","Academic","LA&PS","Humanities",56900,"East Asian Studies","Degree (Major/Minor/Certificate)","BA","Martin Lockshin","Martin Singer",5.01,4.5,"Undergraduate"
"AC1790","Academic","LA&PS","Humanities",56900,"European Studies","Degree (Major/Minor/Certificate)","BA, iBA","Martin Lockshin","Martin Singer",4.56,4.11,"Undergraduate"
"AC1800","Academic","LA&PS","Humanities",56900,"Hellenic Studies","Degree (Major/Minor/Certificate)","BA","Martin Lockshin","Martin Singer",3.11,2.7,"Undergraduate"
"AC1810","Academic","LA&PS","Humanities",56900,"Humanities","Degree (Major/Minor/Certificate)","BA, iBA","Martin Lockshin","Martin Singer",5.37,6.11,"Undergraduate"
"AC1820","Academic","LA&PS","Humanities",56900,"Individualized/Multidisciplinary Studies","Degree (Major/Minor/Certificate)","BA","Martin Lockshin","Martin Singer",3.22,2.7,"Undergraduate"
"AC1830","Academic","LA&PS","Humanities",56900,"Jewish Studies","Degree (Major/Minor/Certificate)","BA","Martin Lockshin","Martin Singer",4.81,4.1,"Undergraduate"
"AC1850","Academic","LA&PS","Science - STS",56900,"Science and Technology Science","Degree (Major/Minor/Certificate)","BA","Joan Steigerwald","Martin Singer",4.56,3.5,"Undergraduate"
"AC1890","Academic","LA&PS","Humanities",56900,"Humanities","Graduate Degree","MA","Martin Lockshin","Martin Singer",5.63,5.32,"Master's"
"AC1900","Academic","LA&PS","Humanities",56900,"Humanities","Graduate Degree","PhD","Martin Lockshin","Martin Singer",5.87,5.31,"PhD"
"AC1910","Academic","LA&PS","Humanities",56900,"Interdisciplinary Studies","Graduate Degree","MA","Martin Lockshin","Martin Singer",5.18,4.88,"Master's"
"AC1920","Academic","LA&PS","Information Technology",57250,"Information Technology","Degree (Major/Minor/Certificate)","BA, BAS","Jimmy Huang","Martin Singer",4.99,5.01,"Undergraduate"
"AC1930","Academic","LA&PS","Information Technology",57250,"Information Systems & Technology","Graduate Degree","MA","Jimmy Huang","Martin Singer",5.01,4.91,"Master's"
"AC1950","Academic","LA&PS","Philosophy",57000,"Cognitive Science","Degree (Major/Minor/Certificate)","BA","Robert Myers","Martin Singer",4.74,4.6,"Undergraduate"
"AC1950","Academic","LA&PS","Philosophy",57000,"Cognitive Science","Degree (Major/Minor/Certificate)","BA","Robert Myers","Martin Singer",4.73,4.6,"Undergraduate"
"AC1960","Academic","LA&PS","Philosophy",57000,"Philosophy","Degree (Major/Minor/Certificate)","BA","Robert Myers","Martin Singer",5.17,5.61,"Undergraduate"
"AC1970","Academic","LA&PS","Philosophy",57000,"Philosophy","Graduate Degree","MA","Robert Myers","Martin Singer",5.16,4.59,"Master's"
"AC1980","Academic","LA&PS","Philosophy",57000,"Philosophy","Graduate Degree","PhD","Robert Myers","Martin Singer",5.37,4.6,"PhD"
"AC2010","Academic","LA&PS","Political Science",57050,"Global Political Studies","Degree (Major/Minor/Certificate)","BA","Ananya Mukherjee-Reed","Martin Singer",5.07,3.99,"Undergraduate"
"AC2020","Academic","LA&PS","Political Science",57050,"Political Science","Degree (Major/Minor/Certificate)","BA, iBA","Ananya Mukherjee-Reed","Martin Singer",6.34,3.93,"Undergraduate"
"AC2030","Academic","LA&PS","Political Science",57050,"Political Science","Graduate Degree","MA","Ananya Mukherjee-Reed","Martin Singer",4.57,4.89,"Master's"
"AC2040","Academic","LA&PS","Political Science",57050,"Political Science","Graduate Degree","PhD","Ananya Mukherjee-Reed","Martin Singer",5,4.11,"PhD"
"AC2060","Academic","LA&PS","Public Policy & Admin",57300,"Public Administration","Degree (Major/Minor/Certificate)","BPA","James C. Simeon","Martin Singer",4.12,3.9,"Undergraduate"
"AC2090","Academic","LA&PS","Public Policy & Admin",57100,"Administrative Studies","Degree (Major/Minor/Certificate)","BAS","Peggy Ng","Martin Singer",4.73,4.6,"Undergraduate"
"AC2090","Academic","LA&PS","Public Policy & Admin",57100,"Administrative Studies","Degree (Major/Minor/Certificate)","BAS","Peggy Ng","Martin Singer",4.74,4.6,"Undergraduate"
"AC2090","Academic","LA&PS","Public Policy & Admin",57100,"Administrative Studies","Degree (Major/Minor/Certificate)","BAS","Peggy Ng","Martin Singer",5.44,8.42,"Undergraduate"
"AC2100","Academic","LA&PS","Public Policy & Admin",57100,"Business","Degree (Major/Minor/Certificate)","","Peggy Ng","Martin Singer",3.59,3.26,"Other"
"AC2110","Academic","LA&PS","Public Policy & Admin",57100,"Disaster & Emergency Management","Degree (Major/Minor/Certificate)","BDEM","Peggy Ng","Martin Singer",4.56,4,"Undergraduate"
"AC2120","Academic","LA&PS","Public Policy & Admin",57100,"Disaster & Emergency Management","Graduate Degree","MDEM","Peggy Ng","Martin Singer",5.01,4.91,"Master's"
"AC2130","Academic","LA&PS","Public Policy & Admin",57100,"Financial Accountability","Graduate Degree","MFAc","Peggy Ng","Martin Singer",3.83,4.2,"Master's"
"AC2150","Academic","LA&PS","Social Science",57450,"African Studies","Degree (Major/Minor/Certificate)","BA","Kimberley White","Martin Singer",3.72,3.4,"Undergraduate"
"AC2160","Academic","LA&PS","Social Science",57450,"Business & Society","Degree (Major/Minor/Certificate)","BA","Kimberley White","Martin Singer",4.89,7.19,"Undergraduate"
"AC2170","Academic","LA&PS","Social Science",57450,"Criminology","Degree (Major/Minor/Certificate)","BA","Kimberley White","Martin Singer",5.62,6.79,"Undergraduate"
"AC2180","Academic","LA&PS","Social Science",57450,"Health & Society","Degree (Major/Minor/Certificate)","BA","Kimberley White","Martin Singer",5.44,6.21,"Undergraduate"
"AC2190","Academic","LA&PS","Social Science",57450,"International Development Studies","Degree (Major/Minor/Certificate)","BA","Kimberley White","Martin Singer",5.44,6.01,"Undergraduate"
"AC2200","Academic","LA&PS","Social Science",57450,"Latin American & Caribbean Studies","Degree (Major/Minor/Certificate)","BA","Kimberley White","Martin Singer",3.47,2.57,"Undergraduate"
"AC2210","Academic","LA&PS","Social Science",57450,"Law and Society","Degree (Major/Minor/Certificate)","BA","Kimberley White","Martin Singer",5,5.51,"Undergraduate"
"AC2230","Academic","LA&PS","Social Science",57450,"Social Science","Degree (Major/Minor/Certificate)","BA","Kimberley White","Martin Singer",4.01,6.11,"Undergraduate"
"AC2240","Academic","LA&PS","Social Science",57450,"South Asian Studies","Degree (Major/Minor/Certificate)","BA","Kimberley White","Martin Singer",3.82,2.59,"Undergraduate"
"AC2250","Academic","LA&PS","Social Science",57450,"Urban Studies","Degree (Major/Minor/Certificate)","BA, iBA","Kimberley White","Martin Singer",4.38,4.3,"Undergraduate"
"AC2260","Academic","LA&PS","Social Science",57450,"Work & Labour Studies","Degree (Major/Minor/Certificate)","BA","Kimberley White","Martin Singer",5.44,5.21,"Undergraduate"
"AC2270","Academic","LA&PS","Social Science",57450,"Development Studies","Graduate Degree","MA","Kimberley White","Martin Singer",5.27,4.6,"Master's"
"AC2280","Academic","LA&PS","Social Science",57450,"Social & Political Thought","Graduate Degree","MA","Kimberley White","Martin Singer",4.92,4.5,"Master's"
"AC2290","Academic","LA&PS","Social Science",57450,"Social & Political Thought","Graduate Degree","PhD","Kimberley White","Martin Singer",5.63,5.09,"PhD"
"AC2300","Academic","LA&PS","Social Science",57450,"Socio-Legal Studies","Graduate Degree","MA","Kimberley White","Martin Singer",5.17,4.1,"Master's"
"AC2310","Academic","LA&PS","Social Science",57450,"Socio-Legal Studies","Graduate Degree","PhD","Kimberley White","Martin Singer",5.17,4.1,"PhD"
"AC2340","Academic","LA&PS","Social Work",57350,"Social Work","Degree (Major/Minor/Certificate)","BSW","Barbara Heron","Martin Singer",7.02,5.91,"Undergraduate"
"AC2350","Academic","LA&PS","Social Work",57350,"Social Work","Graduate Degree","MSW","Barbara Heron","Martin Singer",5.7,4.92,"Master's"
"AC2360","Academic","LA&PS","Social Work",57350,"Social Work","Graduate Degree","PhD","Barbara Heron","Martin Singer",5.16,4.59,"PhD"
"AC2380","Academic","LA&PS","Sociology",57500,"Sociology","Degree (Major/Minor/Certificate)","BA","Philip Walsh","Martin Singer",5.7,5.61,"Undergraduate"
"AC2390","Academic","LA&PS","Sociology",57500,"Sociology","Graduate Degree","MA","Philip Walsh","Martin Singer",5.7,5.11,"Master's"
"AC2400","Academic","LA&PS","Sociology",57500,"Sociology","Graduate Degree","PhD","Philip Walsh","Martin Singer",5.44,4.91,"PhD"
"AC2420","Academic","LA&PS","LAPS - Writing Department",57550,"English & Professional Writing","Degree (Major/Minor/Certificate)","BA","John Spencer","Martin Singer",5.62,6.69,"Undergraduate"
"AC2430","Academic","LA&PS","LAPS - Writing Department",57550,"Professional Writing","Degree (Major/Minor/Certificate)","BA","John Spencer","Martin Singer",5.62,6.69,"Undergraduate"
"AC2435","Academic","LA&PS","LAPS - Writing Department",57550,"Writing Support","Non- Degree","Non-Degree Studies","John Spencer","Martin Singer",4.99,6.11,"Other"
"AC2460","Academic","Lassonde","Electrical Engineering & Computer Science",9002,"Computer Engineering","Undergraduate Degree","BASc","Rob Alison","Richard Hornsey",5.9,5.42,"Undergraduate"
"AC2470","Academic","Lassonde","Electrical Engineering & Computer Science",9002,"Computer Engineering","Graduate Degree","MASc","Rick Wildes","Richard Hornsey",5.85,4.5,"Master's"
"AC2480","Academic","Lassonde","Electrical Engineering & Computer Science",9002,"Computer Science","Undergraduate Degree","BA, iBA","Minas Spetsakis","Richard Hornsey",6.42,7.88,"Undergraduate"
"AC2490","Academic","Lassonde","Electrical Engineering & Computer Science",9002,"Computer Science","Undergraduate Degree","BSc, iBSc","Minas Spetsakis","Richard Hornsey",6.42,7.88,"Undergraduate"
"AC2500","Academic","Lassonde","Electrical Engineering & Computer Science",9002,"Computer Science","Graduate Degree","MSc","Rick Wildes","Richard Hornsey",5.9,5.42,"Master's"
"AC2510","Academic","Lassonde","Electrical Engineering & Computer Science",9002,"Computer Science","Graduate Degree","PhD","Rick Wildes","Richard Hornsey",5.9,5.42,"PhD"
"AC2520","Academic","Lassonde","Electrical Engineering & Computer Science",9002,"Computer Security","Undergraduate Degree","BA","Minas Spetsakis","Richard Hornsey",5.88,6.01,"Undergraduate"
"AC2530","Academic","Lassonde","Electrical Engineering & Computer Science",9002,"Computer Security","Undergraduate Degree","BSc","Minas Spetsakis","Richard Hornsey",5.88,6.01,"Undergraduate"
"AC2550","Academic","Lassonde","Electrical Engineering & Computer Science",9002,"Software Engineering","Undergraduate Degree","BASc","Rob Alison","Richard Hornsey",5.47,5.41,"Undergraduate"
"AC2560","Academic","Lassonde","Electrical Engineering & Computer Science",9002,"Digital Media","Undergraduate Degree","BA","Gunnar Gotshalks","Richard Hornsey",5.51,5.21,"Undergraduate"
"AC2570","Academic","Lassonde","Earth & Space Science & Engineering",9001,"Geomatics Engineering","","BASc","Gunho Sohn","Richard Hornsey",5.59,3.7,"Undergraduate"
"AC2590","Academic","Lassonde","Earth & Space Science & Engineering",9001,"Space Engineering","","BASc","Mike Daly","Richard Hornsey",5.44,4.29,"Undergraduate"
"AC2600","Academic","Lassonde","Earth & Space Science & Engineering",9001,"Earth & Space Science","Graduate Degree","MSc","Sunil Bisnath","Richard Hornsey",5.62,4.88,"Master's"
"AC2610","Academic","Lassonde","Earth & Space Science & Engineering",9001,"Earth & Space Science","Graduate Degree","PhD","Sunil Bisnath","Richard Hornsey",5.62,4.88,"PhD"
"AC2640","Academic","Lassonde","Earth & Space Science & Engineering",9001,"Earth & Atmospheric Science","Major/Minor","BSc","Yongsheng Chen","Richard Hornsey",6.13,6.48,"Undergraduate"
"AC2670","Academic","Osgoode","Osgoode Hall Law School",228,"Law","Undergraduate Degree","JD","Poonam Puri","Lorne Sossin",7.5,8.18,"Undergraduate"
"AC2680","Academic","Osgoode","Osgoode Hall Law School",228,"Law","Graduate degree","LLM (Research)","Dayna Scott","Lorne Sossin",5.99,5.48,"Master's"
"AC2690","Academic","Osgoode","Osgoode Hall Law School",228,"Law","Graduate degree","PhD (Research)","Dayna Scott","Lorne Sossin",6.42,5.77,"PhD"
"AC2740","Academic","Schulich","Schulich School of Business",229,"Business Administration","Undergraduate Degree","BBA, iBBA","Detlev Zwick","Dezsö Horváth",7.93,7.39,"Undergraduate"
"AC2760","Academic","Schulich","Schulich School of Business",229,"Business Administration","Graduate Degree","MBA, iMBA, MBA in India","Steve Weiss","Dezsö Horváth",8.26,7.79,"Master's"
"AC2780","Academic","Schulich","Schulich School of Business",229,"Finance","Graduate Degree","M of Finance","Pauline Shum","Dezsö Horváth",6.59,7.09,"Master's"
"AC2810","Academic","Schulich","Schulich School of Business",229,"Business","Graduate Degree","PhD","Eileen Fischer","Dezsö Horváth",6.15,5.23,"PhD"
"AC2830","Academic","Science","Biology",20650,"Applied Biotechnology","Degree (minor/major, certificate)","BSc(Tech)","Paula Wilson","Ray Jayawardhana",4.28,3.99,"Undergraduate"
"AC2840","Academic","Science","Biology",20650,"Biology","Degree (minor/major, certificate)","BSc, iBSc","Paula Wilson","Ray Jayawardhana",7.75,8.49,"Undergraduate"
"AC2850","Academic","Science","Biology",20650,"Environmental Biology","Degree (minor/major, certificate)","BSc","Alex Mills","Ray Jayawardhana",4.53,4.83,"Undergraduate"
"AC2860","Academic","Science","Biology",20650,"Biology","Graduate Degree","MSc","Michael Scheid","Ray Jayawardhana",5.97,6.43,"Master's"
"AC2870","Academic","Science","Biology",20650,"Biology","Graduate Degree","PhD","Michael Scheid","Ray Jayawardhana",6.4,7.27,"PhD"
"AC2890","Academic","Science","Chemistry",20700,"Chemistry","Degree (minor/major, certificate)","BSc","Gerald Audette","Ray Jayawardhana",6.06,7.2,"Undergraduate"
"AC2900","Academic","Science","Chemistry",20700,"Biochemistry","Degree (minor/major, certificate)","BSc","Valeria Tsoukanova","Ray Jayawardhana",6.5,7.09,"Undergraduate"
"AC2910","Academic","Science","Chemistry",20700,"Chemistry","Graduate Degree","MSc","Dennis Stynes","Ray Jayawardhana",6.13,6.2,"Master's"
"AC2920","Academic","Science","Chemistry",20700,"Chemistry","Graduate Degree","PhD","Gino Lavoie","Ray Jayawardhana",6.41,6.54,"PhD"
"AC2940","Academic","Science","LAPS - Geography",56800,"Geography","Degree (minor/major, certificate)","BSc","Steven Tufts","Ray Jayawardhana",5.24,4.4,"Undergraduate"
"AC2950","Academic","Science","LAPS - Geography",56800,"Environmental Science","Degree (minor/major, certificate)","BSc","Steven Tufts","Ray Jayawardhana",4.62,4.01,"Undergraduate"
"AC2970","Academic","Science","Mathematics & Statistics",21100,"Applied Mathematics","Degree (minor/major, certificate)","BA","Mike Haslam","Ray Jayawardhana",5.78,4.49,"Undergraduate"
"AC2980","Academic","Science","Mathematics & Statistics",21100,"Applied Mathematics","Degree (minor/major, certificate)","BSc","Mike Haslam","Ray Jayawardhana",5.78,4.49,"Undergraduate"
"AC2990","Academic","Science","Mathematics & Statistics",21100,"Computational Mathematics","Degree (minor/major, certificate)","BSc","Mike Haslam","Ray Jayawardhana",5.16,3.7,"Undergraduate"
"AC3000","Academic","Science","Mathematics & Statistics",21100,"Mathematics","Degree (minor/major, certificate)","BA","Peter Gibson","Ray Jayawardhana",5.62,5.51,"Undergraduate"
"AC3010","Academic","Science","Mathematics & Statistics",21100,"Mathematics","Degree (minor/major, certificate)","BSc","Peter Gibson","Ray Jayawardhana",5.62,5.51,"Undergraduate"
"AC3020","Academic","Science","Mathematics & Statistics",21100,"International Dual Degree in Mathematics and Statistics","Degree (minor/major, certificate)","BSc","Steven Wang","Ray Jayawardhana",1.86,2,"Undergraduate"
"AC3030","Academic","Science","Mathematics & Statistics",21100,"Mathematics for Commerce","Degree (minor/major, certificate)","BA","Ed Furman","Ray Jayawardhana",6.33,5.48,"Undergraduate"
"AC3050","Academic","Science","Mathematics & Statistics",21100,"Mathematics for Education","Degree (minor/major, certificate)","BA","Walter Whiteley","Ray Jayawardhana",5.79,4.29,"Undergraduate"
"AC3060","Academic","Science","Mathematics & Statistics",21100,"Mathematics for Education","Degree (minor/major, certificate)","BSc","Walter Whiteley","Ray Jayawardhana",5.79,4.29,"Undergraduate"
"AC3070","Academic","Science","Mathematics & Statistics",21100,"Statistics","Degree (minor/major, certificate)","BA","Steven Wang","Ray Jayawardhana",4.89,4.3,"Undergraduate"
"AC3080","Academic","Science","Mathematics & Statistics",21100,"Statistics","Degree (minor/major, certificate)","BSc","Steven Wang","Ray Jayawardhana",4.89,4.3,"Undergraduate"
"AC3090","Academic","Science","Mathematics & Statistics",21100,"Mathematics & Statistics","Graduate Degree","MA","Huaiping Zhu","Ray Jayawardhana",4.44,4.69,"Master's"
"AC3110","Academic","Science","Mathematics & Statistics",21100,"Mathematics: Applied & Industrial","Graduate Degree","MSc","Huaiping Zhu","Ray Jayawardhana",5.01,3.83,"Master's"
"AC3120","Academic","Science","Mathematics & Statistics",21100,"Mathematics & Statistics","Graduate Degree","PhD","Huaiping Zhu","Ray Jayawardhana",3.2,3.68,"PhD"
"AC3140","Academic","Science","Physics & Astronomy",21050,"Biophysics","Degree (minor/major, certificate)","BSc","Marshall McCall","Ray Jayawardhana",5.68,4.7,"Undergraduate"
"AC3150","Academic","Science","Physics & Astronomy",21050,"Physics","Degree (minor/major, certificate)","BSc","Marshall McCall","Ray Jayawardhana",6.59,5.81,"Undergraduate"
"AC3160","Academic","Science","Physics & Astronomy",21050,"Physics and Astronomy","Graduate Degree","MSc","Wendy Taylor","Ray Jayawardhana",6.6,5.32,"Master's"
"AC3170","Academic","Science","Physics & Astronomy",21050,"Physics and Astronomy","Graduate Degree","PhD","Wendy Taylor","Ray Jayawardhana",6.59,5.12,"PhD"
"AC3190","Academic","Science","Science General",21350,"Science","Degree (minor/major, certificate)","BSc","Peter Cribb","Ray Jayawardhana",2.59,3.98,"Undergraduate"
"AC3200","Academic","Science","Applied Science& Technology",21150,"Science and Technology Studies","Degree (minor/major, certificate)","BSc","Ernst Hamm","Ray Jayawardhana",4.55,3.99,"Undergraduate"
"AC3210","Academic","Science","Applied Science& Technology",21150,"Science and Technology Studies","Graduate Degree","MA","Jagdish Hattiangadi","Ray Jayawardhana",4.8,4.29,"Master's"
"AC3220","Academic","Science","Applied Science& Technology",21150,"Science and Technology Studies","Graduate Degree","PhD","Kenton Kroker","Ray Jayawardhana",5.24,4.39,"PhD"
"AC3360","Academic","MISC - VPAP","Office of the VP Academic & Provost",201,"TYP","","","Alice Pitt","Rhonda Lenton",4.44,4.7,"Other"
"AD0010","Administrative","","Division of VP Advancement",700,"Office of VP of Advancement","","","Caterina Elzbet","Jeff O'Hagan",6.73,6.46,"Other"
"AD0020","Administrative","","Division of VP Advancement",700,"Advancement Services","","","Leanne Kipfer","Jeff O'Hagan",6.68,6.8,"Other"
"AD0035","Administrative","","Division of VP Advancement",700,"Community and Alumni Relations","","","James Allan","Jeff O'Hagan",5.32,5.38,"Other"
"AD0050","Administrative","","Division of VP Advancement",700,"Convocation","","","James Allan","Jeff O'Hagan",6.06,6.99,"Other"
"AD0060","Administrative","","Division of VP Advancement",700,"Development","","","Wade Hall","Jeff O'Hagan",5.8,6.85,"Other"
"AD0070","Administrative","","Division of the President",100,"Office of the President","","","Ijade Maxwell Rodrigues","Mamdouh Shoukri",6.56,7.33,"Other"
"AD0080","Administrative","","Division of the President",100,"Ombudsman","","","Ijade Maxwell Rodrigues","Mamdouh Shoukri",1.85,2.18,"Other"
"AD0090","Administrative","","Division of the President",100,"Centre for Human Rights","","","Noel Badiou","Mamdouh Shoukri",6.42,6.74,"Other"
"AD0100","Administrative","","Division of the President",100,"General Counsel","","","Maureen Armtstrong","Mamdouh Shoukri",7.34,6.75,"Other"
"AD0110","Administrative","","Division of the President",100,"University Secretariat","","","Harriet Lewis","Mamdouh Shoukri",6.47,6.74,"Other"
"AD0120","Administrative","","Division of the President",100,"Strategic Communications","","","Susan Webb","Mamdouh Shoukri",2.36,4.16,"Other"
"AD0130","Administrative","","Division of the President",100,"Marketing and Creative Services","","","Susan Webb","Mamdouh Shoukri",3.56,5.02,"Other"
"AD0140","Administrative","","Division of the President",100,"Media Relations","","","Susan Webb","Mamdouh Shoukri",4.4,5.8,"Other"
"AD0150","Administrative","","Division of the President",100,"Strategic Initiatives and Administration","","","Susan Webb","Mamdouh Shoukri",2.64,3.96,"Other"
"AD0160","Administrative","","Division of VP Students",300,"Office of the Vice Provost Students","","","Sheila Forshaw","Rhonda Lenton",7.76,7.17,"Other"
"AD0170","Administrative","","Division of VP Students",300,"Recruitment - Domestic","","","Don Hunt","Janet Morrison",5.8,5.57,"Other"
"AD0180","Administrative","","Division of VP Students",300,"Recruitment - International","","","Don Hunt","Janet Morrison",6.59,5.78,"Other"
"AD0190","Administrative","","Division of VP Students",300,"Admissions (Assessment and Transfer Credit)","","","Don Hunt","Janet Morrison",6.28,6.79,"Other"
"AD0200","Administrative","","Division of VP Students",300,"RO Systems","","","Don Hunt","Janet Morrison",5.11,5.89,"Other"
"AD0210","Administrative","","Division of VP Students",300,"Student Records Management (including Degree Audit)","","","Don Hunt","Janet Morrison",5.04,6.11,"Other"
"AD0220","Administrative","","Division of VP Students",300,"Student Client Services","","","Don Hunt","Janet Morrison",5.02,6.41,"Other"
"AD0230","Administrative","","Division of VP Students",300,"Scheduling – Academic, Accommodated Tests and Exams","","","Don Hunt","Janet Morrison",5.54,4.91,"Other"
"AD0240","Administrative","","Division of VP Students",300,"Financial (Scholarships & Bursaries, Government Aid and Student Financial Services)","","","Don Hunt","Janet Morrison",6.74,6.86,"Other"
"AD0250","Administrative","","Division of VP Students",300,"Communications (Perspective Students, Current Students and Strategic)","","","Donna Cope","Janet Morrison",6.85,6.29,"Other"
"AD0260","Administrative","","Division of VP Students",300,"OSCR","","","Debbie Hansen","Janet Morrison",5.86,5.96,"Other"
"AD0270","Administrative","","Division of VP Students",300,"Career Services","","","Julie Rahmer","Janet Morrison",6.42,7.17,"Other"
"AD0280","Administrative","","Division of VP Students",300,"Experiential Education","","","Julie Rahmer","Janet Morrison",4.87,4.82,"Other"
"AD0290","Administrative","","Division of VP Students",300,"CDS - Personal Counselling and Learning Skills","","","Marc Wilchesky","Janet Morrison",7.21,6.1,"Other"
"AD0300","Administrative","","Division of VP Students",300,"CDS - Disability Services","","","Marc Wilchesky","Janet Morrison",7.16,6.2,"Other"
"AD0310","Administrative","","Division of VP Students",300,"SCLD (excluding Orientation)","","","Catherine Salole","Janet Morrison",7.11,6.54,"Other"
"AD0320","Administrative","","Division of VP Students",300,"Sport & Recreation (Intramurals, Fitness, Recreation, Lifestyle, Camps)","","","Jennifer Myers","Janet Morrison",5.81,6.49,"Other"
"AD0331","Administrative","","Division of VP Students",300,"Sport & Recreation (Marketing, Promotions, Alumni, Fundraising)","","","Jennifer Myers","Janet Morrison",4.34,4.96,"Other"
"AD0332","Administrative","","Division of VP Students",300,"Sports and Recreation (Varsity)","","","Jennifer Myers","Janet Morrison",5.27,5.36,"Other"
"AD0340","Administrative","","Division of VP Students",300,"Sport and Recreation (Facilities)","","","Jennifer Myers","Janet Morrison",5.43,6.59,"Other"
"AD0350","Administrative","","Division of VP Students",300,"YU Start & Orientation","","","Brendan Schulz","Janet Morrison",7.32,5.31,"Other"
"AD0370","Administrative","","Office of the VP Academic & Provost",201,"Office of the Provost","","","Richard Ooi","Rhonda Lenton",8.14,6.81,"Other"
"AD0380","Administrative","","Office of the VP Academic & Provost",201,"Vice-Provost Academic","","","Alice Pitt","Rhonda Lenton",7.1,7.13,"Other"
"AD0390","Administrative","","Office of the VP Academic & Provost",201,"Quality Assurance","","","Anna Pralat","Alice Pitt",5.18,4.86,"Other"
"AD0400","Administrative","","Office of the VP Academic & Provost",201,"YU-TD Community Engagement Centre","","","Yvette Munro","Alice Pitt",4.45,3.8,"Other"
"AD0410","Administrative","","Office of the VP Academic & Provost",201,"Atkinson Centre for Mature & Part-time Students","","","Brian Poser","Alice Pitt",5.54,4.94,"Other"
"AD0420","Administrative","","Office of the VP Academic & Provost",201,"Associate Vice President Teaching & Learning","","","Sue Vail","Rhonda Lenton",6.59,5.97,"Other"
"AD0430","Administrative","","Office of the VP Academic & Provost",201,"Teaching Commons","","","Celia Popovic","Sue Vail",7.71,6.58,"Other"
"AD0440","Administrative","","Office of the VP Academic & Provost",201,"Associate Vice President International","","","Marilyn Lambert-D","Rhonda Lenton",4.28,5.04,"Other"
"AD0450","Administrative","","Office of the VP Academic & Provost",201,"OIPA - Integrated Resource Planning","","","Sarah Cantrell","Rhonda Lenton",7.32,6.54,"Other"
"AD0460","Administrative","","Office of the VP Academic & Provost",201,"OIPA - Institutional Research","","","Sarah Cantrell","Rhonda Lenton",5.91,6.58,"Other"
"AD0480","Administrative","","Office of the VP Academic & Provost",201,"Art Gallery of York University","","","Philip Monk","Rhonda Lenton",7.04,6.58,"Other"
"AD0490","Administrative","","Office of the VP Res&Innovat'n",43000,"Office of VPRI","","","Felix Moses","Robert Hache",6.59,5.9,"Other"
"AD0500","Administrative","","Office of the VP Res&Innovat'n",43000,"Office of Research Services","","","David Phipps","Robert Hache",6.68,6.68,"Other"
"AD0550","Administrative","","Office of the VP Res&Innovat'n",43000,"Office of Research Ethics","","","Allison Collins- Mrakas","Robert Hache",7.99,7.12,"Other"
"AD0560","Administrative","","Office of the VP Res&Innovat'n",43000,"Special Programs","","","Obadiah George","Robert Hache",2.58,6.24,"Other"
"AD0570","Administrative","","PRASE Project",62800,"PRASE","","","Suzanne Killick","Gary Brewer",6.33,6.31,"Other"
"AD0590","Administrative","","York Univ Development Corp",28200,"Property Development, Planning & Advisory","","","Chris Edey","Gary Brewer",7.57,6.64,"Other"
"AD0600","Administrative","","GS-Office of the Dean",18400,"Administrative Support","","","Barbara Crow","Rhonda Lenton",6.56,7.3,"Other"
"AD0620","Administrative","","University Information Technology",407,"Office of the CIO/IT Administration and Planning","","","A Della-Rossa","Bob Gagne",6.87,5.8,"Other"
"AD0630","Administrative","","University Information Technology",407,"Desktop/end user computing","","","Rick Sambhi","Bob Gagne",4.55,5.21,"Other"
"AD0640","Administrative","","University Information Technology",407,"Client Service Support","","","Karen Wash","Bob Gagne",5.49,5.4,"Other"
"AD0660","Administrative","","University Information Technology",407,"Information Security and Identity Management","","","Chris Russel","Bob Gagne",5.64,5.61,"Other"
"AD0670","Administrative","","University Information Technology",407,"Communications Infrastructure Services (Network/Voice/Data Centres)","","","Chris Russel","Bob Gagne",6.68,7.43,"Other"
"AD0680","Administrative","","University Information Technology",407,"Systems, Storage and Database Management","","","Bruce Fisher","Chris Russel",5.33,5.89,"Other"
"AD0690","Administrative","","University Information Technology",407,"Email, Calendaring, Messaging Services","","","Bruce Fisher","Chris Russel",3.78,4.87,"Other"
"AD0700","Administrative","","University Information Technology",407,"Applications Support for Administrative Process Enablement","","","Amar Chana","Peter Rowley",5.86,6.24,"Other"
"AD0710","Administrative","","University Information Technology",407,"Application Support for Student Administration and Student Services","","","Al Regina","Peter Rowley",6.22,6.78,"Other"
"AD0720","Administrative","","University Information Technology",407,"Web Support and Collaborations Services","","","Neal Stephenson","Peter Rowley",4.24,5.94,"Other"
"AD0730","Administrative","","University Information Technology",407,"Classroom Learning Space Support and Student Labs","","","Jason Gerrity","Bob Gagne",4.55,5.66,"Other"
"AD0740","Administrative","","University Information Technology",407,"e-Learning Technology Support (Media Services)","","","Rob Finlayson","Peter Rowley",6.52,6.55,"Other"
"AD0750","Administrative","","Finance",403,"Office of the AVP Finance & CFO","","","Trudy Pound-Curtis","Gary Brewer",7.24,6.58,"Other"
"AD0760","Administrative","","Finance",403,"Comptroller Services","","","Aldo Dimarcantonio","Trudy Pound-Curtis",7.89,6.94,"Other"
"AD0770","Administrative","","Finance",403,"Research Financial Services","","","Aldo Dimarcantonio","Trudy Pound-Curtis",6.93,6.21,"Other"
"AD0780","Administrative","","Finance",403,"Budgets & Planning","","","Aldo Dimarcantonio","Trudy Pound-Curtis",6.16,6.4,"Other"
"AD0790","Administrative","","Finance",403,"Procurement Services","","","Dexter King","Trudy Pound-Curtis",6.74,5.57,"Other"
"AD0800","Administrative","","Finance",403,"Treasury & Investments","","","Laurie Lawson","Trudy Pound-Curtis",6.05,5.89,"Other"
"AD0810","Administrative","","Finance",403,"Pension Fund Management","","","Leona Fields","Trudy Pound-Curtis",5.8,6.54,"Other"
"AD0820","Administrative","","Finance",403,"Insurance & Risk Management Services","","","Steve Pottle","Trudy Pound-Curtis",7.03,7.71,"Other"
"AD0830","Administrative","","Human Resources",404,"Office of the AVP HR","","","Aileen Ashman","Gary Brewer",4.27,5.24,"Other"
"AD0840","Administrative","","Human Resources",404,"Compensation","","","Christine Ablack","Aileen Ashman",4.13,5.68,"Other"
"AD0850","Administrative","","Human Resources",404,"Pension & Benefits","","","Terisa Ducharme","Aileen Ashman",4.49,5.24,"Other"
"AD0860","Administrative","","Human Resources",404,"Learning & Organizational Development","","","Suzanne Killick","Aileen Ashman",5.12,5.91,"Other"
"AD0870","Administrative","","Human Resources",404,"Recruitment Services","","","Lisa Tomassi","Aileen Ashman",4.15,6.29,"Other"
"AD0880","Administrative","","Human Resources",404,"Payroll & Employee Records","","","Thyra Garcia","Aileen Ashman",4.03,5.24,"Other"
"AD0890","Administrative","","Human Resources",404,"HR Information Management","","","Sue Bulof","Aileen Ashman",3.91,4.86,"Other"
"AD0900","Administrative","","Human Resources",404,"Non-Academic Employee Relations","","","Donna Smith","Aileen Ashman",6.56,7.39,"Other"
"AD0910","Administrative","","Human Resources",404,"Employee Health, Safety & Well-being","","","Vanessa Aguiar","Aileen Ashman",6.7,5.96,"Other"
"AD0920","Administrative","","Human Resources",404,"CSBO Human Resources & Administration","","","Joanne Cary","Aileen Ashman",4.08,5.84,"Other"
"AD0930","Administrative","","Division of VP Finance & Administration",404,"Faculty Relations","","","Barry Miller","Gary Brewer",6.06,5.31,"Other"
"AD0940","Administrative","","Campus Services & Business Operations",402,"Office of the AVP CSBO","","","Richard Francki","Gary Brewer",5.94,5.56,"Other"
"AD0950","Administrative","","Campus Services & Business Operations",402,"Central Utilities & Energy Management","","","Brad Cochrane","Richard Francki",6.28,7.17,"Other"
"AD0960","Administrative","","Campus Services & Business Operations",402,"Building Maintenance","","","Steve Sicluna","Richard Francki",5.76,5.76,"Other"
"AD0970","Administrative","","Campus Services & Business Operations",402,"Facilities Development","","","Alan Wong","Richard Francki",5.18,5.46,"Other"
"AD0980","Administrative","","Campus Services & Business Operations",402,"Space Planning & Renovations","","","Patrick Saavedra","Richard Francki",5.23,5.62,"Other"
"AD0990","Administrative","","Campus Services & Business Operations",402,"Custodial Services","","","Bob Smith","Richard Francki",3.72,5.57,"Other"
"AD1000","Administrative","","Campus Services & Business Operations",402,"Grounds, Fleet & Waste Management","","","Bob Smith","Richard Francki",4.64,6.09,"Other"
"AD1010","Administrative","","Campus Services & Business Operations",402,"Campus Planning & Sustainability","","","Helen Psathas","Richard Francki",5,5.14,"Other"
"AD1020","Administrative","","Campus Services & Business Operations",402,"Transportation Services","","","Helen Psathas","Richard Francki",4.79,5.31,"Other"
"AD1030","Administrative","","Campus Services & Business Operations",402,"CSBO – Finance","","","Stephen Jacobson","Richard Francki",5.74,5.57,"Other"
"AD1040","Administrative","","Campus Services & Business Operations",402,"Mailing Services","","","Steve Glassman","Richard Francki",5.99,4.73,"Other"
"AD1050","Administrative","","Campus Services & Business Operations",402,"Bookstore","","","Steve Glassman","Richard Francki",6.1,6.3,"Other"
"AD1060","Administrative","","Campus Services & Business Operations",402,"Printing Services","","","Steve Glassman","Richard Francki",4.33,2.97,"Other"
"AD1070","Administrative","","Campus Services & Business Operations",402,"Student Housing Services","","","Debbie Kee","Richard Francki",5.11,5.72,"Other"
"AD1080","Administrative","","Campus Services & Business Operations",402,"Accommodation & Conference Services","","","Debbie Kee","Richard Francki",4.81,5.78,"Other"
"AD1090","Administrative","","Campus Services & Business Operations",402,"Food Services","","","Anthony Barbisan","Richard Francki",6.53,7.12,"Other"
"AD1100","Administrative","","Campus Services & Business Operations",402,"Parking Services","","","Anthony Barbisan","Richard Francki",6.53,7.12,"Other"
"AD1110","Administrative","","Campus Services & Business Operations",402,"YU Card","","","Anthony Barbisan","Richard Francki",6.62,6.4,"Other"
"AD1120","Administrative","","Campus Services & Business Operations",402,"Lease and Contract Management","","","Stephen Jacobson","Richard Francki",5.48,5.33,"Other"
"AD1130","Administrative","","Campus Services & Business Operations",402,"Security Services","","","Aldo Altomare","Richard Francki",5.25,6.51,"Other"
"AD1140","Administrative","","Campus Services & Business Operations",402,"Emergency Preparedness","","","Aldo Altomare","Richard Francki",3.67,4.65,"Other"
"AD1150","Administrative","","Campus Services & Business Operations",402,"Safety Initiatives","","","Rob Castle","Gary Brewer",4.96,6.24,"Other"
"AD1160","Administrative","","Campus Services & Business Operations",402,"goSAFE","","","Helen Psathas","Richard Francki",6.83,6.09,"Other"
"AD1170","Administrative","","Division of VP Finance & Administration",400,"Office of the VP Finance and Administration","","","Robert Castle","Gary Brewer",7.3,7.25,"Other"
"AD1180","Administrative","","Division of VP Finance & Administration",400,"Internal Audit","","","Ran Lewin","Gary Brewer",7.78,6.71,"Other"
"AD1190","Administrative","","Division of VP Finance & Administration",400,"Temporary Use of University Space","","","Pam Persaud","Rob Castle",4.98,5.26,"Other"
"AD1200","Administrative","Education","ED-Office of the Dean",16150,"Dean’s Office","","","Andrea Torre","Ron Owston",4.99,5.31,"Other"
"AD1210","Administrative","Education","ED-Education Resource Centre",16400,"Education Resource Centre","","","Adam Trent","Ron Owston",4.13,2.87,"Other"
"AD1230","Administrative","Env Studies","ES-Office of the Dean",16550,"Dean’s Office","","","Paul Elliot","Noël Sturgeon",6.84,5.61,"Other"
"AD1240","Administrative","Fine Arts","FA-Office of the Dean",16900,"Dean’s Office","","","Carol Altilia","Shawn Brixey",7.97,5.86,"Other"
"AD1250","Administrative","Fine Arts","FA-Performance Facilites",53200,"Performance Facilities","","","Carol Altilia","Shawn Brixey",7.3,4.96,"Other"
"AD1260","Administrative","Fine Arts","FA-Winters College",27000,"Winters College","","","Marie Rickard","Shawn Brixey",4.5,4.43,"Other"
"AD1270","Administrative","Glendon","Glendon",224,"Dean’s Office","","","Gilles Fortin","Donald Ipperciel",6.18,5.84,"Other"
"AD1280","Administrative","Glendon","GL-Office of Student Services",27150,"Student Services","","","Rosanna Furgiuele","Donald Ipperciel",4.65,5.01,"Other"
"AD1290","Administrative","Glendon","GL-Athletics Club",27050,"Glendon Athletic Club","","","Rosanna Furgiuele","Donald Ipperciel",2.12,4.65,"Other"
"AD1300","Administrative","Health","HH-Office of the Dean",53850,"Dean’s Office","","","Mary Verrilli","Harvey Skinner",8.38,6.7,"Other"
"AD1310","Administrative","Health","Faculty of Health",226,"York U Psychology Clinic","","","Louise Hartley","Harvey Skinner",6.67,5.66,"Other"
"AD1320","Administrative","Health","Faculty of Health",226,"Calumet College (shared with Schulich)","","","Suzanne Macdonald","Harvey Skinner",7.02,5.45,"Other"
"AD1330","Administrative","Health","Faculty of Health",226,"Stong College (shared with LAPS)","","","Lesley Beagrie","Harvey Skinner",7.02,5.45,"Other"
"AD1340","Administrative","Lassonde","Lassonde School of Engineering",9004,"Dean’s Office","","","Fred Zhu","Janusz Kozinski",7.5,6.16,"Other"
"AD1360","Administrative","LA&PS","Faculty of Liberal Arts & Professional Studies",227,"Dean’s Office","","","Didier Pomerleau","Martin Singer",3.6,4.78,"Other"
"AD1370","Administrative","LA&PS","Faculty of Liberal Arts & Professional Studies",227,"Founders College","","","Mauro Buccheri","Martin Singer",3.56,3.29,"Other"
"AD1380","Administrative","LA&PS","Faculty of Liberal Arts & Professional Studies",227,"McLaughlin College","","","David Leyton-Brown","Martin Singer",5.3,4.6,"Other"
"AD1390","Administrative","LA&PS","Faculty of Liberal Arts & Professional Studies",227,"New College","","","Christian Marjollet","Martin Singer",3.52,3.31,"Other"
"AD1400","Administrative","LA&PS","Faculty of Liberal Arts & Professional Studies",227,"Vanier College","","","Stanley Tweyman","Martin Singer",4.76,3.73,"Other"
"AD1410","Administrative","Osgoode","Osgoode Hall Law School",228,"Dean’s Office","","","Phyllis Lepore Babcock","Lorne Sossin",7.76,6.35,"Other"
"AD1430","Administrative","Osgoode","Osgoode Hall Law School",228,"MDC","","","Phyllis Lepore Babcock","Lorne Sossin",2.66,1.82,"Other"
"AD1440","Administrative","Schulich","Schulich School of Business",229,"Dean’s Office","","","Magda Szaki","Dezso Horvath",7.35,6.32,"Other"
"AD1450","Administrative","Science","SC-Office of the Dean",21200,"Dean’s Office","","","Helen McLellan","Ray Jayawardhana",4.77,5.18,"Other"
"AD1460","Administrative","Science","Faculty of Science",9006,"Observatory","","","Paul Delaney","Ray Jayawardhana",5.33,4.13,"Other"
"AD1470","Administrative","","Libraries",231,"Administration and University Librarian's Office","","","Robert Thompson","Catherine Davidson",5.96,5.55,"Other"
"AD1480","Administrative","","Libraries",231,"Teaching & Learning","","","Adam Taves","Catherine Davidson",6.41,5.87,"Other"
"AD1490","Administrative","","Libraries",231,"Learning Environments/Physical and Virtual","","","John Dupuis","Catherine Davidson",3.32,5.72,"Other"
"AD1500","Administrative","","Libraries",231,"Collections (Physical and Digital)","","","Rob van der Bliek","Catherine Davidson",4.95,5.53,"Other"
"AD1510","Administrative","","Libraries",231,"Research","","","Michael Moir","Catherine Davidson",5.43,4.73,"Other"
"AD1530","Administrative","Science","Faculty of Science",9006,"Bethune College","","","John Amanatides","Ray Jayawardhana",6.53,4.87,"Other"
"AD1540","Administrative","Osgoode","Osgoode Hall Law School",NA,"Law Library","","","Louis Mirando","Lorne Sossin",6.1,4.68,"Other"
"AC0890","Research","Glendon","Glendon",224,"Centre for Research on Language Contact","ORU","","Dominique Scheffel-Dunand","Donald Ipperciel",4.5,4.3,"Other"
"AC1160","Research","Health","Faculty of Health",226,"LaMarsh Centre for Child and Youth Research","ORU","","Yvonne Bohr","Harvey Skinner",6.59,6.61,"Other"
"AC1160","Research","Health","Faculty of Health",226,"LaMarsh Centre for Child and Youth Research","ORU","","Yvonne Bohr","Harvey Skinner",6.59,5.89,"Other"
"AC1170","Research","Health","Faculty of Health",226,"Muscle Health Research Centre","ORU","","David Hood","Harvey Skinner",6.98,5.88,"Other"
"AC2260","Academic","LA&PS","Social Science",57450,"Work & Labour Studies","Degree (Major/Minor/Certificate)","BA","Kimberley White","Martin Singer",8.61,7.79,"Undergraduate"
"AC2730","Research","Osgoode","Osgoode Hall Law School",228,"The Jack and Mae Nathanson Centre on Transnational Human Rights, Crime and Security","ORU","","Francois Tanguay-Renaud","Lorne Sossin",7.01,7.59,"Other"
"AC3240","Research","Science","Faculty of Science",9006,"Centre for Research on Biomolecular Interactions","ORU","","Sergey Krylov","Ray Jayawardhana",7.29,5.89,"Other"
"AC3250","Research","Science","Faculty of Science",9006,"The Institute for Science and Technology Studies","ORU","","Bernard Lightman","Ray Jayawardhana",5.69,5.5,"Other"
"AC3260","Research","Science","Faculty of Science",9006,"Centre for Atmospheric Chemistry","ORU","","Robert McLaren","Ray Jayawardhana",6.3,5.89,"Other"
"AC3270","Research","Science","Faculty of Science",9006,"Centre for Research in Mass Spectrometry","ORU","","Demian Ifa","Ray Jayawardhana",6.59,5.28,"Other"
"AC3290","Research","MISC - VPRI","Office of the VP Res&Innovat'n",43000,"Centre for Asian Research* Asian Studies","ORU","Graduate Diploma Type 2","Philip Kelly","Robert Hache",6.57,5.68,"Other"
"AC3320","Research","MISC - VPRI","Office of the VP Res&Innovat'n",43000,"Centre for Jewish Studies* Jewish Studies","ORU","Graduate Diploma Type 3","Carl Ehrilich","Robert Hache",5.29,6.39,"Other"
"AC3330","Research","MISC - VPRI","Office of the VP Res&Innovat'n",43000,"CERLAC* Latin American and Caribbean Studies","ORU","Graduate Diploma Type 2","Carlota McAllister","Robert Hache",5.8,5.68,"Other"
"AC3350","Research","MISC - VPRI","Office of the VP Res&Innovat'n",43000,"Centre for Refugee Studies","ORU","Graduate Diploma Type 2","Jennifer Hyndman","Robert Hache",7.89,7.7,"Other"
"AC3390","Research","MISC - VPRI","Office of the VP Res&Innovat'n",43000,"The Harriet Tubman Institute","ORU","","Annie Bunting","Robert Hache",6.09,5.7,"Other"
"AC3400","Research","MISC - VPRI","Office of the VP Res&Innovat'n",43000,"Robarts Centre for Canadian Studies","ORU","","Colin Coates","Robert Hache",5.69,5.8,"Other"
"AC3430","Research","MISC - VPRI","Office of the VP Res&Innovat'n",43000,"York Centre for Vision Research","ORU","","Laurence Harris","Robert Hache",8.89,7.91,"Other"
"AC3450","Research","MISC - VPRI","Office of the VP Res&Innovat'n",43000,"Institute for Social Research","ORU Short Courses (e.g. SPSS/SAS training); Spring Seminar Series on Social Research Methods; Summer Program in Data Analysis","","Les Jacobs","Robert Hache",7.58,8.09,"Other"
"AC3460","Research","MISC - VPRI","Office of the VP Res&Innovat'n",43000,"Institute for Research on Learning Technologies","ORU","","Jennifer Jenson","Robert Hache",6.09,5.3,"Other"
"AC3480","Research","MISC - VPRI","Office of the VP Res&Innovat'n",43000,"The City Institute at York University","ORU","","Linda Peake","Robert Hache",6.3,6.2,"Other"
"AC3490","Research","MISC - VPRI","Office of the VP Res&Innovat'n",43000,"York Institute for Health Research","ORU","","Michaela Hynie","Robert Hache",7.19,7.38,"Other"
